"","Date","Time","Size","Price","Local_Amount","Currency","Name","Brand","Year","Month","Day","Number_Price"
"1",2018-12-15,"01:18:23+00:00","9.5",276,276,"USD","Air Jordan 4 Royalty","Nike","2018","12","15",276
"2",2018-12-11,"21:35:22+00:00","9.5",280,280,"USD","Air Jordan 4 Royalty","Nike","2018","12","11",280
"3",2018-12-10,"00:46:28+00:00","9.5",275,275,"USD","Air Jordan 4 Royalty","Nike","2018","12","10",275
"4",2018-12-05,"00:29:49+00:00","9.5",291,291,"USD","Air Jordan 4 Royalty","Nike","2018","12","05",291
"5",2018-12-02,"15:40:30+00:00","9.5",285,285,"USD","Air Jordan 4 Royalty","Nike","2018","12","02",285
"6",2018-12-01,"02:39:45+00:00","9.5",283,283,"USD","Air Jordan 4 Royalty","Nike","2018","12","01",283
"7",2018-11-26,"01:49:32+00:00","9.5",350,350,"USD","Air Jordan 4 Royalty","Nike","2018","11","26",350
"8",2018-11-26,"01:48:35+00:00","9.5",341,341,"USD","Air Jordan 4 Royalty","Nike","2018","11","26",341
"9",2018-11-26,"01:48:11+00:00","9.5",325,325,"USD","Air Jordan 4 Royalty","Nike","2018","11","26",325
"10",2018-11-26,"01:47:47+00:00","9.5",298,298,"USD","Air Jordan 4 Royalty","Nike","2018","11","26",298
"11",2018-11-25,"15:11:03+00:00","9.5",243,243,"USD","Air Jordan 4 Royalty","Nike","2018","11","25",243
"12",2018-11-25,"14:49:16+00:00","9.5",266,266,"USD","Air Jordan 4 Royalty","Nike","2018","11","25",266
"13",2018-11-25,"14:46:21+00:00","9.5",269,269,"USD","Air Jordan 4 Royalty","Nike","2018","11","25",269
"14",2018-11-25,"14:22:23+00:00","9.5",271,271,"USD","Air Jordan 4 Royalty","Nike","2018","11","25",271
"15",2018-11-25,"14:13:42+00:00","9.5",272,272,"USD","Air Jordan 4 Royalty","Nike","2018","11","25",272
"16",2018-11-21,"19:08:36+00:00","9.5",325,325,"USD","Air Jordan 4 Royalty","Nike","2018","11","21",325
"17",2018-11-18,"22:26:36+00:00","9.5",275,275,"USD","Air Jordan 4 Royalty","Nike","2018","11","18",275
"18",2018-11-16,"04:31:29+00:00","9.5",299,299,"USD","Air Jordan 4 Royalty","Nike","2018","11","16",299
"19",2018-11-16,"04:27:09+00:00","9.5",266,266,"USD","Air Jordan 4 Royalty","Nike","2018","11","16",266
"20",2018-11-15,"21:59:37+00:00","9.5",300,300,"USD","Air Jordan 4 Royalty","Nike","2018","11","15",300
"21",2018-11-09,"03:55:52+00:00","9.5",300,300,"USD","Air Jordan 4 Royalty","Nike","2018","11","09",300
"22",2018-11-06,"06:09:02+00:00","9.5",290,290,"USD","Air Jordan 4 Royalty","Nike","2018","11","06",290
"23",2018-11-05,"17:56:35+00:00","9.5",258,258,"USD","Air Jordan 4 Royalty","Nike","2018","11","05",258
"24",2018-11-04,"04:43:48+00:00","9.5",275,275,"USD","Air Jordan 4 Royalty","Nike","2018","11","04",275
"25",2018-11-03,"03:26:39+00:00","9.5",275,275,"USD","Air Jordan 4 Royalty","Nike","2018","11","03",275
"26",2018-11-02,"16:44:38+00:00","9.5",260,260,"USD","Air Jordan 4 Royalty","Nike","2018","11","02",260
"27",2018-11-02,"14:49:22+00:00","9.5",259,259,"USD","Air Jordan 4 Royalty","Nike","2018","11","02",259
"28",2018-11-01,"01:20:45+00:00","9.5",258,258,"USD","Air Jordan 4 Royalty","Nike","2018","11","01",258
"29",2018-10-31,"21:58:43+00:00","9.5",260,260,"USD","Air Jordan 4 Royalty","Nike","2018","10","31",260
"30",2018-10-28,"12:44:15+00:00","9.5",263,263,"USD","Air Jordan 4 Royalty","Nike","2018","10","28",263
"31",2018-10-25,"08:47:57+00:00","9.5",270,270,"USD","Air Jordan 4 Royalty","Nike","2018","10","25",270
"32",2018-10-25,"00:57:18+00:00","9.5",271,271,"USD","Air Jordan 4 Royalty","Nike","2018","10","25",271
"33",2018-10-20,"23:29:45+00:00","9.5",298,298,"USD","Air Jordan 4 Royalty","Nike","2018","10","20",298
"34",2018-10-15,"16:45:01+00:00","9.5",297,297,"USD","Air Jordan 4 Royalty","Nike","2018","10","15",297
"35",2018-10-14,"16:21:37+00:00","9.5",299,299,"USD","Air Jordan 4 Royalty","Nike","2018","10","14",299
"36",2018-10-13,"20:56:50+00:00","9.5",278,278,"USD","Air Jordan 4 Royalty","Nike","2018","10","13",278
"37",2018-10-11,"23:19:46+00:00","9.5",279,279,"USD","Air Jordan 4 Royalty","Nike","2018","10","11",279
"38",2018-10-11,"19:02:51+00:00","9.5",295,295,"USD","Air Jordan 4 Royalty","Nike","2018","10","11",295
"39",2018-10-09,"19:29:54+00:00","9.5",280,280,"USD","Air Jordan 4 Royalty","Nike","2018","10","09",280
"40",2018-10-07,"19:33:23+00:00","9.5",285,285,"USD","Air Jordan 4 Royalty","Nike","2018","10","07",285
"41",2018-10-05,"04:10:50+00:00","9.5",280,280,"USD","Air Jordan 4 Royalty","Nike","2018","10","05",280
"42",2018-10-02,"12:05:08+00:00","9.5",281,281,"USD","Air Jordan 4 Royalty","Nike","2018","10","02",281
"43",2018-09-29,"14:54:25+00:00","9.5",300,300,"USD","Air Jordan 4 Royalty","Nike","2018","09","29",300
"44",2018-09-23,"23:32:11+00:00","9.5",284,284,"USD","Air Jordan 4 Royalty","Nike","2018","09","23",284
"45",2018-09-23,"00:42:45+00:00","9.5",284,284,"USD","Air Jordan 4 Royalty","Nike","2018","09","23",284
"46",2018-09-17,"04:22:58+00:00","9.5",285,285,"USD","Air Jordan 4 Royalty","Nike","2018","09","17",285
"47",2018-09-11,"22:52:45+00:00","9.5",275,275,"USD","Air Jordan 4 Royalty","Nike","2018","09","11",275
"48",2018-09-08,"20:24:25+00:00","9.5",243,243,"USD","Air Jordan 4 Royalty","Nike","2018","09","08",243
"49",2018-09-02,"00:41:08+00:00","9.5",260,260,"USD","Air Jordan 4 Royalty","Nike","2018","09","02",260
"50",2018-08-31,"12:31:48+00:00","9.5",280,280,"USD","Air Jordan 4 Royalty","Nike","2018","08","31",280
"51",2018-08-29,"03:14:55+00:00","9.5",290,290,"USD","Air Jordan 4 Royalty","Nike","2018","08","29",290
"52",2018-08-24,"15:22:20+00:00","9.5",269,269,"USD","Air Jordan 4 Royalty","Nike","2018","08","24",269
"53",2018-08-23,"01:32:37+00:00","9.5",260,260,"USD","Air Jordan 4 Royalty","Nike","2018","08","23",260
"54",2018-08-21,"19:58:24+00:00","9.5",260,260,"USD","Air Jordan 4 Royalty","Nike","2018","08","21",260
"55",2018-08-20,"16:42:45+00:00","9.5",203,203,"USD","Air Jordan 4 Royalty","Nike","2018","08","20",203
"56",2018-08-19,"22:48:32+00:00","9.5",247,247,"USD","Air Jordan 4 Royalty","Nike","2018","08","19",247
"57",2018-08-19,"04:14:51+00:00","9.5",260,260,"USD","Air Jordan 4 Royalty","Nike","2018","08","19",260
"58",2018-08-08,"06:58:58+00:00","9.5",250,250,"USD","Air Jordan 4 Royalty","Nike","2018","08","08",250
"59",2018-08-06,"12:33:00+00:00","9.5",280,280,"USD","Air Jordan 4 Royalty","Nike","2018","08","06",280
"60",2018-08-04,"02:31:21+00:00","9.5",275,275,"USD","Air Jordan 4 Royalty","Nike","2018","08","04",275
"61",2018-07-31,"01:29:45+00:00","9.5",270,270,"USD","Air Jordan 4 Royalty","Nike","2018","07","31",270
"62",2018-07-28,"16:29:37+00:00","9.5",255,255,"USD","Air Jordan 4 Royalty","Nike","2018","07","28",255
"63",2018-07-19,"19:42:52+00:00","9.5",297,297,"USD","Air Jordan 4 Royalty","Nike","2018","07","19",297
"64",2018-07-19,"04:10:36+00:00","9.5",295,295,"USD","Air Jordan 4 Royalty","Nike","2018","07","19",295
"65",2018-07-18,"02:33:00+00:00","9.5",275,275,"USD","Air Jordan 4 Royalty","Nike","2018","07","18",275
"66",2018-07-07,"08:56:52+00:00","9.5",275,275,"USD","Air Jordan 4 Royalty","Nike","2018","07","07",275
"67",2018-07-07,"02:08:35+00:00","9.5",270,270,"USD","Air Jordan 4 Royalty","Nike","2018","07","07",270
"68",2018-06-28,"10:22:14+00:00","9.5",216,216,"USD","Air Jordan 4 Royalty","Nike","2018","06","28",216
"69",2018-06-28,"01:18:14+00:00","9.5",250,250,"USD","Air Jordan 4 Royalty","Nike","2018","06","28",250
"70",2018-06-26,"03:34:22+00:00","9.5",250,250,"USD","Air Jordan 4 Royalty","Nike","2018","06","26",250
"71",2018-06-25,"16:49:26+00:00","9.5",217,217,"USD","Air Jordan 4 Royalty","Nike","2018","06","25",217
"72",2018-06-19,"20:47:35+00:00","9.5",240,240,"USD","Air Jordan 4 Royalty","Nike","2018","06","19",240
"73",2018-06-19,"20:19:14+00:00","9.5",236,236,"USD","Air Jordan 4 Royalty","Nike","2018","06","19",236
"74",2018-06-11,"17:29:10+00:00","9.5",270,270,"USD","Air Jordan 4 Royalty","Nike","2018","06","11",270
"75",2018-06-07,"15:10:00+00:00","9.5",265,265,"USD","Air Jordan 4 Royalty","Nike","2018","06","07",265
"76",2018-06-06,"01:43:20+00:00","9.5",258,258,"USD","Air Jordan 4 Royalty","Nike","2018","06","06",258
"77",2018-06-05,"18:20:53+00:00","9.5",250,250,"USD","Air Jordan 4 Royalty","Nike","2018","06","05",250
"78",2018-06-05,"01:04:38+00:00","9.5",245,245,"USD","Air Jordan 4 Royalty","Nike","2018","06","05",245
"79",2018-06-02,"04:25:48+00:00","9.5",245,245,"USD","Air Jordan 4 Royalty","Nike","2018","06","02",245
"80",2018-05-30,"03:33:38+00:00","9.5",260,260,"USD","Air Jordan 4 Royalty","Nike","2018","05","30",260
"81",2018-05-30,"03:33:24+00:00","9.5",260,260,"USD","Air Jordan 4 Royalty","Nike","2018","05","30",260
"82",2018-05-30,"03:33:10+00:00","9.5",250,250,"USD","Air Jordan 4 Royalty","Nike","2018","05","30",250
"83",2018-05-29,"04:51:43+00:00","9.5",235,235,"USD","Air Jordan 4 Royalty","Nike","2018","05","29",235
"84",2018-05-27,"00:39:20+00:00","9.5",265,265,"USD","Air Jordan 4 Royalty","Nike","2018","05","27",265
"85",2018-05-26,"22:36:28+00:00","9.5",200,200,"USD","Air Jordan 4 Royalty","Nike","2018","05","26",200
"86",2018-05-26,"21:41:14+00:00","9.5",225,225,"USD","Air Jordan 4 Royalty","Nike","2018","05","26",225
"87",2018-05-26,"21:28:57+00:00","9.5",227,227,"USD","Air Jordan 4 Royalty","Nike","2018","05","26",227
"88",2018-05-26,"20:30:55+00:00","9.5",251,251,"USD","Air Jordan 4 Royalty","Nike","2018","05","26",251
"89",2018-05-26,"20:27:25+00:00","9.5",252,252,"USD","Air Jordan 4 Royalty","Nike","2018","05","26",252
"90",2018-05-23,"19:33:41+00:00","9.5",265,265,"USD","Air Jordan 4 Royalty","Nike","2018","05","23",265
"91",2018-05-23,"02:42:48+00:00","9.5",252,252,"USD","Air Jordan 4 Royalty","Nike","2018","05","23",252
"92",2018-05-18,"02:31:30+00:00","9.5",270,270,"USD","Air Jordan 4 Royalty","Nike","2018","05","18",270
"93",2018-05-17,"22:31:46+00:00","9.5",270,270,"USD","Air Jordan 4 Royalty","Nike","2018","05","17",270
"94",2018-05-15,"05:30:38+00:00","9.5",228,228,"USD","Air Jordan 4 Royalty","Nike","2018","05","15",228
"95",2018-05-14,"21:44:14+00:00","9.5",255,255,"USD","Air Jordan 4 Royalty","Nike","2018","05","14",255
"96",2018-05-13,"22:49:28+00:00","9.5",245,245,"USD","Air Jordan 4 Royalty","Nike","2018","05","13",245
"97",2018-05-10,"11:46:45+00:00","9.5",235,235,"USD","Air Jordan 4 Royalty","Nike","2018","05","10",235
"98",2018-05-09,"03:52:31+00:00","9.5",240,240,"USD","Air Jordan 4 Royalty","Nike","2018","05","09",240
"99",2018-05-09,"01:51:38+00:00","9.5",244,244,"USD","Air Jordan 4 Royalty","Nike","2018","05","09",244
"100",2018-05-08,"23:56:36+00:00","9.5",247,247,"USD","Air Jordan 4 Royalty","Nike","2018","05","08",247
"101",2018-05-03,"03:18:17+00:00","9.5",250,250,"USD","Air Jordan 4 Royalty","Nike","2018","05","03",250
"102",2018-05-02,"00:35:03+00:00","9.5",280,280,"USD","Air Jordan 4 Royalty","Nike","2018","05","02",280
"103",2018-05-02,"00:33:13+00:00","9.5",270,270,"USD","Air Jordan 4 Royalty","Nike","2018","05","02",270
"104",2018-05-01,"14:59:16+00:00","9.5",240,240,"USD","Air Jordan 4 Royalty","Nike","2018","05","01",240
"105",2018-04-30,"12:51:55+00:00","9.5",240,240,"USD","Air Jordan 4 Royalty","Nike","2018","04","30",240
"106",2018-04-26,"03:17:23+00:00","9.5",250,250,"USD","Air Jordan 4 Royalty","Nike","2018","04","26",250
"107",2018-04-25,"00:59:36+00:00","9.5",256,256,"USD","Air Jordan 4 Royalty","Nike","2018","04","25",256
"108",2018-04-19,"05:38:53+00:00","9.5",257,257,"USD","Air Jordan 4 Royalty","Nike","2018","04","19",257
"109",2018-04-17,"22:32:43+00:00","9.5",270,270,"USD","Air Jordan 4 Royalty","Nike","2018","04","17",270
"110",2018-04-09,"16:50:30+00:00","9.5",275,275,"USD","Air Jordan 4 Royalty","Nike","2018","04","09",275
"111",2018-04-03,"18:12:43+00:00","9.5",280,280,"USD","Air Jordan 4 Royalty","Nike","2018","04","03",280
"112",2018-04-02,"20:19:25+00:00","9.5",274,274,"USD","Air Jordan 4 Royalty","Nike","2018","04","02",274
"113",2018-03-30,"18:43:52+00:00","9.5",288,288,"USD","Air Jordan 4 Royalty","Nike","2018","03","30",288
"114",2018-03-27,"07:13:11+00:00","9.5",255,255,"USD","Air Jordan 4 Royalty","Nike","2018","03","27",255
"115",2018-03-26,"01:04:31+00:00","9.5",265,265,"USD","Air Jordan 4 Royalty","Nike","2018","03","26",265
"116",2018-03-24,"20:12:09+00:00","9.5",255,255,"USD","Air Jordan 4 Royalty","Nike","2018","03","24",255
"117",2018-03-22,"04:16:54+00:00","9.5",260,260,"USD","Air Jordan 4 Royalty","Nike","2018","03","22",260
"118",2018-03-19,"12:45:42+00:00","9.5",286,286,"USD","Air Jordan 4 Royalty","Nike","2018","03","19",286
"119",2018-03-17,"18:35:09+00:00","9.5",255,255,"USD","Air Jordan 4 Royalty","Nike","2018","03","17",255
"120",2018-03-17,"18:30:40+00:00","9.5",256,256,"USD","Air Jordan 4 Royalty","Nike","2018","03","17",256
"121",2018-03-17,"18:29:45+00:00","9.5",260,260,"USD","Air Jordan 4 Royalty","Nike","2018","03","17",260
"122",2018-03-13,"15:19:56+00:00","9.5",258,258,"USD","Air Jordan 4 Royalty","Nike","2018","03","13",258
"123",2018-03-12,"19:07:03+00:00","9.5",258,258,"USD","Air Jordan 4 Royalty","Nike","2018","03","12",258
"124",2018-03-11,"16:17:42+00:00","9.5",267,267,"USD","Air Jordan 4 Royalty","Nike","2018","03","11",267
"125",2018-03-08,"18:06:51+00:00","9.5",258,258,"USD","Air Jordan 4 Royalty","Nike","2018","03","08",258
"126",2018-03-07,"23:58:53+00:00","9.5",267,267,"USD","Air Jordan 4 Royalty","Nike","2018","03","07",267
"127",2018-03-07,"02:22:42+00:00","9.5",257,257,"USD","Air Jordan 4 Royalty","Nike","2018","03","07",257
"128",2018-03-04,"17:41:26+00:00","9.5",269,269,"USD","Air Jordan 4 Royalty","Nike","2018","03","04",269
"129",2018-03-03,"08:40:32+00:00","9.5",262,262,"USD","Air Jordan 4 Royalty","Nike","2018","03","03",262
"130",2018-03-03,"00:07:37+00:00","9.5",256,256,"USD","Air Jordan 4 Royalty","Nike","2018","03","03",256
"131",2018-03-02,"11:11:52+00:00","9.5",262,262,"USD","Air Jordan 4 Royalty","Nike","2018","03","02",262
"132",2018-03-01,"16:54:08+00:00","9.5",260,260,"USD","Air Jordan 4 Royalty","Nike","2018","03","01",260
"133",2018-03-01,"03:17:45+00:00","9.5",264,264,"USD","Air Jordan 4 Royalty","Nike","2018","03","01",264
"134",2018-02-28,"13:36:23+00:00","9.5",253,253,"USD","Air Jordan 4 Royalty","Nike","2018","02","28",253
"135",2018-02-26,"18:01:23+00:00","9.5",250,250,"USD","Air Jordan 4 Royalty","Nike","2018","02","26",250
"136",2018-02-26,"03:49:19+00:00","9.5",259,259,"USD","Air Jordan 4 Royalty","Nike","2018","02","26",259
"137",2018-02-26,"02:47:23+00:00","9.5",255,255,"USD","Air Jordan 4 Royalty","Nike","2018","02","26",255
"138",2018-02-24,"16:29:07+00:00","9.5",249,249,"USD","Air Jordan 4 Royalty","Nike","2018","02","24",249
"139",2018-02-20,"19:01:57+00:00","9.5",250,250,"USD","Air Jordan 4 Royalty","Nike","2018","02","20",250
"140",2018-02-20,"04:43:00+00:00","9.5",252,252,"USD","Air Jordan 4 Royalty","Nike","2018","02","20",252
"141",2018-02-19,"23:34:42+00:00","9.5",255,255,"USD","Air Jordan 4 Royalty","Nike","2018","02","19",255
"142",2018-02-16,"21:43:57+00:00","9.5",259,259,"USD","Air Jordan 4 Royalty","Nike","2018","02","16",259
"143",2018-02-16,"03:38:25+00:00","9.5",259,259,"USD","Air Jordan 4 Royalty","Nike","2018","02","16",259
"144",2018-02-14,"15:54:43+00:00","9.5",260,260,"USD","Air Jordan 4 Royalty","Nike","2018","02","14",260
"145",2018-02-11,"18:46:37+00:00","9.5",270,270,"USD","Air Jordan 4 Royalty","Nike","2018","02","11",270
"146",2018-02-07,"18:32:39+00:00","9.5",247,247,"USD","Air Jordan 4 Royalty","Nike","2018","02","07",247
"147",2018-02-05,"21:23:31+00:00","9.5",248,248,"USD","Air Jordan 4 Royalty","Nike","2018","02","05",248
"148",2018-02-03,"22:41:43+00:00","9.5",255,255,"USD","Air Jordan 4 Royalty","Nike","2018","02","03",255
"149",2018-01-28,"22:56:36+00:00","9.5",254,254,"USD","Air Jordan 4 Royalty","Nike","2018","01","28",254
"150",2018-01-27,"04:13:50+00:00","9.5",260,260,"USD","Air Jordan 4 Royalty","Nike","2018","01","27",260
"151",2018-01-27,"00:27:05+00:00","9.5",345,345,"USD","Air Jordan 4 Royalty","Nike","2018","01","27",345
"152",2018-01-25,"02:16:23+00:00","9.5",345,345,"USD","Air Jordan 4 Royalty","Nike","2018","01","25",345
"153",2018-01-22,"03:55:36+00:00","9.5",345,345,"USD","Air Jordan 4 Royalty","Nike","2018","01","22",345
"154",2018-01-17,"13:00:54+00:00","9.5",345,345,"USD","Air Jordan 4 Royalty","Nike","2018","01","17",345
"155",2018-01-16,"00:48:52+00:00","9.5",249,249,"USD","Air Jordan 4 Royalty","Nike","2018","01","16",249
"156",2018-01-14,"16:47:01+00:00","9.5",285,285,"USD","Air Jordan 4 Royalty","Nike","2018","01","14",285
"157",2018-01-14,"16:00:12+00:00","9.5",345,345,"USD","Air Jordan 4 Royalty","Nike","2018","01","14",345
"158",2018-01-14,"05:14:38+00:00","9.5",255,255,"USD","Air Jordan 4 Royalty","Nike","2018","01","14",255
"159",2018-01-12,"16:10:44+00:00","9.5",250,250,"USD","Air Jordan 4 Royalty","Nike","2018","01","12",250
"160",2018-01-11,"07:24:00+00:00","9.5",250,250,"USD","Air Jordan 4 Royalty","Nike","2018","01","11",250
"161",2018-01-08,"22:53:09+00:00","9.5",330,330,"USD","Air Jordan 4 Royalty","Nike","2018","01","08",330
"162",2018-01-06,"18:23:02+00:00","9.5",330,330,"USD","Air Jordan 4 Royalty","Nike","2018","01","06",330
"163",2018-01-06,"09:09:53+00:00","9.5",300,300,"USD","Air Jordan 4 Royalty","Nike","2018","01","06",300
"164",2018-01-05,"12:33:32+00:00","9.5",251,251,"USD","Air Jordan 4 Royalty","Nike","2018","01","05",251
"165",2018-01-03,"18:50:50+00:00","9.5",251,251,"USD","Air Jordan 4 Royalty","Nike","2018","01","03",251
"166",2018-01-02,"18:41:15+00:00","9.5",252,252,"USD","Air Jordan 4 Royalty","Nike","2018","01","02",252
"167",2018-01-02,"15:22:09+00:00","9.5",252,252,"USD","Air Jordan 4 Royalty","Nike","2018","01","02",252
"168",2017-12-30,"01:48:47+00:00","9.5",300,300,"USD","Air Jordan 4 Royalty","Nike","2017","12","30",300
"169",2017-12-23,"03:41:16+00:00","9.5",344,344,"USD","Air Jordan 4 Royalty","Nike","2017","12","23",344
"170",2017-12-22,"01:30:28+00:00","9.5",251,251,"USD","Air Jordan 4 Royalty","Nike","2017","12","22",251
"171",2017-12-20,"16:02:19+00:00","9.5",345,345,"USD","Air Jordan 4 Royalty","Nike","2017","12","20",345
"172",2017-12-19,"20:56:33+00:00","9.5",345,345,"USD","Air Jordan 4 Royalty","Nike","2017","12","19",345
"173",2017-12-19,"03:05:51+00:00","9.5",345,345,"USD","Air Jordan 4 Royalty","Nike","2017","12","19",345
"174",2017-12-18,"21:54:54+00:00","9.5",345,345,"USD","Air Jordan 4 Royalty","Nike","2017","12","18",345
"175",2017-12-18,"00:47:40+00:00","9.5",300,300,"USD","Air Jordan 4 Royalty","Nike","2017","12","18",300
"176",2017-12-17,"17:31:13+00:00","9.5",270,270,"USD","Air Jordan 4 Royalty","Nike","2017","12","17",270
"177",2017-12-16,"13:09:34+00:00","9.5",270,270,"USD","Air Jordan 4 Royalty","Nike","2017","12","16",270
"178",2017-12-16,"11:00:10+00:00","9.5",270,270,"USD","Air Jordan 4 Royalty","Nike","2017","12","16",270
"179",2017-12-15,"20:18:24+00:00","9.5",270,270,"USD","Air Jordan 4 Royalty","Nike","2017","12","15",270
"180",2017-12-14,"22:19:19+00:00","9.5",260,260,"USD","Air Jordan 4 Royalty","Nike","2017","12","14",260
"181",2017-12-14,"18:05:27+00:00","9.5",270,270,"USD","Air Jordan 4 Royalty","Nike","2017","12","14",270
"182",2017-12-14,"17:47:28+00:00","9.5",270,270,"USD","Air Jordan 4 Royalty","Nike","2017","12","14",270
"183",2017-12-14,"16:16:42+00:00","9.5",238,238,"USD","Air Jordan 4 Royalty","Nike","2017","12","14",238
"184",2017-12-13,"04:01:41+00:00","9.5",270,270,"USD","Air Jordan 4 Royalty","Nike","2017","12","13",270
"185",2017-12-12,"17:52:53+00:00","9.5",250,250,"USD","Air Jordan 4 Royalty","Nike","2017","12","12",250
"186",2017-12-12,"16:08:19+00:00","9.5",255,255,"USD","Air Jordan 4 Royalty","Nike","2017","12","12",255
"187",2017-12-12,"01:47:40+00:00","9.5",345,345,"USD","Air Jordan 4 Royalty","Nike","2017","12","12",345
"188",2017-12-11,"01:30:11+00:00","9.5",240,240,"USD","Air Jordan 4 Royalty","Nike","2017","12","11",240
"189",2017-12-11,"00:21:23+00:00","9.5",236,236,"USD","Air Jordan 4 Royalty","Nike","2017","12","11",236
"190",2017-12-09,"13:49:37+00:00","9.5",270,270,"USD","Air Jordan 4 Royalty","Nike","2017","12","09",270
"191",2017-12-09,"09:15:55+00:00","9.5",270,270,"USD","Air Jordan 4 Royalty","Nike","2017","12","09",270
"192",2017-12-08,"07:37:46+00:00","9.5",250,250,"USD","Air Jordan 4 Royalty","Nike","2017","12","08",250
"193",2017-12-07,"19:15:25+00:00","9.5",270,270,"USD","Air Jordan 4 Royalty","Nike","2017","12","07",270
"194",2017-12-07,"06:14:28+00:00","9.5",270,270,"USD","Air Jordan 4 Royalty","Nike","2017","12","07",270
"195",2017-12-07,"06:00:20+00:00","9.5",270,270,"USD","Air Jordan 4 Royalty","Nike","2017","12","07",270
"196",2017-12-05,"14:36:01+00:00","9.5",270,270,"USD","Air Jordan 4 Royalty","Nike","2017","12","05",270
"197",2017-12-04,"17:58:17+00:00","9.5",228,228,"USD","Air Jordan 4 Royalty","Nike","2017","12","04",228
"198",2017-12-04,"09:12:01+00:00","9.5",270,270,"USD","Air Jordan 4 Royalty","Nike","2017","12","04",270
"199",2017-12-04,"09:07:09+00:00","9.5",270,270,"USD","Air Jordan 4 Royalty","Nike","2017","12","04",270
"200",2017-12-02,"21:03:56+00:00","9.5",270,270,"USD","Air Jordan 4 Royalty","Nike","2017","12","02",270
"201",2017-12-02,"20:54:43+00:00","9.5",249,249,"USD","Air Jordan 4 Royalty","Nike","2017","12","02",249
"202",2017-12-02,"15:50:28+00:00","9.5",270,270,"USD","Air Jordan 4 Royalty","Nike","2017","12","02",270
"203",2017-12-02,"09:06:50+00:00","9.5",270,270,"USD","Air Jordan 4 Royalty","Nike","2017","12","02",270
"204",2017-12-01,"23:20:04+00:00","9.5",270,270,"USD","Air Jordan 4 Royalty","Nike","2017","12","01",270
"205",2017-12-01,"11:54:38+00:00","9.5",270,270,"USD","Air Jordan 4 Royalty","Nike","2017","12","01",270
"206",2017-12-01,"10:09:00+00:00","9.5",270,270,"USD","Air Jordan 4 Royalty","Nike","2017","12","01",270
"207",2017-11-30,"21:49:38+00:00","9.5",270,270,"USD","Air Jordan 4 Royalty","Nike","2017","11","30",270
"208",2017-11-29,"02:08:57+00:00","9.5",230,230,"USD","Air Jordan 4 Royalty","Nike","2017","11","29",230
"209",2017-11-27,"04:22:27+00:00","9.5",270,270,"USD","Air Jordan 4 Royalty","Nike","2017","11","27",270
"210",2017-11-27,"03:16:11+00:00","9.5",270,270,"USD","Air Jordan 4 Royalty","Nike","2017","11","27",270
"211",2017-11-26,"05:33:40+00:00","9.5",270,270,"USD","Air Jordan 4 Royalty","Nike","2017","11","26",270
"212",2017-11-25,"15:44:52+00:00","9.5",270,270,"USD","Air Jordan 4 Royalty","Nike","2017","11","25",270
"213",2017-11-24,"17:58:52+00:00","9.5",270,270,"USD","Air Jordan 4 Royalty","Nike","2017","11","24",270
"214",2017-11-24,"08:31:04+00:00","9.5",270,270,"USD","Air Jordan 4 Royalty","Nike","2017","11","24",270
"215",2017-11-22,"21:05:58+00:00","9.5",242,242,"USD","Air Jordan 4 Royalty","Nike","2017","11","22",242
"216",2017-11-22,"15:44:33+00:00","9.5",230,230,"USD","Air Jordan 4 Royalty","Nike","2017","11","22",230
"217",2017-11-22,"13:09:16+00:00","9.5",242,242,"USD","Air Jordan 4 Royalty","Nike","2017","11","22",242
"218",2017-11-22,"12:23:25+00:00","9.5",238,238,"USD","Air Jordan 4 Royalty","Nike","2017","11","22",238
"219",2017-11-22,"03:12:26+00:00","9.5",242,242,"USD","Air Jordan 4 Royalty","Nike","2017","11","22",242
"220",2017-11-21,"21:54:51+00:00","9.5",275,275,"USD","Air Jordan 4 Royalty","Nike","2017","11","21",275
"221",2017-11-21,"20:12:29+00:00","9.5",275,275,"USD","Air Jordan 4 Royalty","Nike","2017","11","21",275
"222",2017-11-20,"16:40:51+00:00","9.5",230,230,"USD","Air Jordan 4 Royalty","Nike","2017","11","20",230
"223",2017-11-20,"14:48:18+00:00","9.5",275,275,"USD","Air Jordan 4 Royalty","Nike","2017","11","20",275
"224",2017-11-19,"07:25:53+00:00","9.5",275,275,"USD","Air Jordan 4 Royalty","Nike","2017","11","19",275
"225",2017-11-17,"09:54:29+00:00","9.5",275,275,"USD","Air Jordan 4 Royalty","Nike","2017","11","17",275
"226",2017-11-16,"06:31:03+00:00","9.5",219,219,"USD","Air Jordan 4 Royalty","Nike","2017","11","16",219
"227",2017-11-16,"03:46:40+00:00","9.5",232,232,"USD","Air Jordan 4 Royalty","Nike","2017","11","16",232
"228",2017-11-16,"03:26:50+00:00","9.5",228,228,"USD","Air Jordan 4 Royalty","Nike","2017","11","16",228
"229",2017-11-15,"14:56:19+00:00","9.5",230,230,"USD","Air Jordan 4 Royalty","Nike","2017","11","15",230
"230",2017-11-14,"03:13:02+00:00","9.5",220,220,"USD","Air Jordan 4 Royalty","Nike","2017","11","14",220
"231",2017-11-13,"13:40:11+00:00","9.5",270,270,"USD","Air Jordan 4 Royalty","Nike","2017","11","13",270
"232",2017-11-13,"13:03:42+00:00","9.5",275,275,"USD","Air Jordan 4 Royalty","Nike","2017","11","13",275
"233",2017-11-12,"12:41:02+00:00","9.5",212,212,"USD","Air Jordan 4 Royalty","Nike","2017","11","12",212
"234",2017-11-12,"02:48:34+00:00","9.5",229,229,"USD","Air Jordan 4 Royalty","Nike","2017","11","12",229
"235",2017-11-11,"16:28:17+00:00","9.5",270,270,"USD","Air Jordan 4 Royalty","Nike","2017","11","11",270
"236",2017-11-10,"17:33:49+00:00","9.5",275,275,"USD","Air Jordan 4 Royalty","Nike","2017","11","10",275
"237",2017-11-08,"14:00:01+00:00","9.5",270,270,"USD","Air Jordan 4 Royalty","Nike","2017","11","08",270
"238",2017-11-08,"03:28:26+00:00","9.5",215,215,"USD","Air Jordan 4 Royalty","Nike","2017","11","08",215
"239",2017-11-07,"03:57:53+00:00","9.5",202,202,"USD","Air Jordan 4 Royalty","Nike","2017","11","07",202
"240",2017-11-06,"23:58:07+00:00","9.5",270,270,"USD","Air Jordan 4 Royalty","Nike","2017","11","06",270
"241",2017-11-06,"17:22:36+00:00","9.5",207,207,"USD","Air Jordan 4 Royalty","Nike","2017","11","06",207
"242",2017-10-31,"18:17:35+00:00","9.5",275,275,"USD","Air Jordan 4 Royalty","Nike","2017","10","31",275
"243",2017-10-30,"21:45:57+00:00","9.5",205,205,"USD","Air Jordan 4 Royalty","Nike","2017","10","30",205
"244",2017-10-30,"01:51:56+00:00","9.5",275,275,"USD","Air Jordan 4 Royalty","Nike","2017","10","30",275
"245",2017-10-29,"23:52:43+00:00","9.5",265,265,"USD","Air Jordan 4 Royalty","Nike","2017","10","29",265
"246",2017-10-29,"02:15:16+00:00","9.5",220,220,"USD","Air Jordan 4 Royalty","Nike","2017","10","29",220
"247",2017-10-28,"12:22:45+00:00","9.5",215,215,"USD","Air Jordan 4 Royalty","Nike","2017","10","28",215
"248",2017-10-28,"12:12:02+00:00","9.5",210,210,"USD","Air Jordan 4 Royalty","Nike","2017","10","28",210
"249",2017-10-28,"12:04:22+00:00","9.5",208,208,"USD","Air Jordan 4 Royalty","Nike","2017","10","28",208
"250",2017-10-27,"05:29:18+00:00","9.5",250,250,"USD","Air Jordan 4 Royalty","Nike","2017","10","27",250
"251",2017-10-23,"18:36:59+00:00","9.5",275,275,"USD","Air Jordan 4 Royalty","Nike","2017","10","23",275
"252",2017-10-23,"12:13:24+00:00","9.5",265,265,"USD","Air Jordan 4 Royalty","Nike","2017","10","23",265
"253",2017-10-18,"01:26:12+00:00","9.5",209,209,"USD","Air Jordan 4 Royalty","Nike","2017","10","18",209
"254",2017-10-18,"01:25:50+00:00","9.5",210,210,"USD","Air Jordan 4 Royalty","Nike","2017","10","18",210
"255",2017-10-18,"00:04:41+00:00","9.5",250,250,"USD","Air Jordan 4 Royalty","Nike","2017","10","18",250
"256",2017-10-17,"05:13:33+00:00","9.5",250,250,"USD","Air Jordan 4 Royalty","Nike","2017","10","17",250
"257",2017-10-16,"22:01:34+00:00","9.5",229,229,"USD","Air Jordan 4 Royalty","Nike","2017","10","16",229
"258",2017-10-16,"20:04:42+00:00","9.5",210,210,"USD","Air Jordan 4 Royalty","Nike","2017","10","16",210
"259",2017-10-15,"21:22:28+00:00","9.5",260,260,"USD","Air Jordan 4 Royalty","Nike","2017","10","15",260
"260",2017-10-15,"13:04:22+00:00","9.5",250,250,"USD","Air Jordan 4 Royalty","Nike","2017","10","15",250
"261",2017-10-13,"21:04:37+00:00","9.5",210,210,"USD","Air Jordan 4 Royalty","Nike","2017","10","13",210
"262",2017-10-12,"07:47:07+00:00","9.5",298,298,"USD","Air Jordan 4 Royalty","Nike","2017","10","12",298
"263",2017-10-04,"19:50:57+00:00","9.5",224,224,"USD","Air Jordan 4 Royalty","Nike","2017","10","04",224
"264",2017-10-04,"15:56:59+00:00","9.5",275,275,"USD","Air Jordan 4 Royalty","Nike","2017","10","04",275
"265",2017-10-04,"13:05:14+00:00","9.5",275,275,"USD","Air Jordan 4 Royalty","Nike","2017","10","04",275
"266",2017-09-29,"15:18:46+00:00","9.5",275,275,"USD","Air Jordan 4 Royalty","Nike","2017","09","29",275
"267",2017-09-29,"07:26:27+00:00","9.5",205,205,"USD","Air Jordan 4 Royalty","Nike","2017","09","29",205
"268",2017-09-25,"16:38:01+00:00","9.5",275,275,"USD","Air Jordan 4 Royalty","Nike","2017","09","25",275
"269",2017-09-16,"08:53:26+00:00","9.5",275,275,"USD","Air Jordan 4 Royalty","Nike","2017","09","16",275
"270",2017-09-13,"17:06:34+00:00","9.5",161,161,"USD","Air Jordan 4 Royalty","Nike","2017","09","13",161
"271",2017-09-09,"23:30:49+00:00","9.5",275,275,"USD","Air Jordan 4 Royalty","Nike","2017","09","09",275
"272",2017-09-08,"13:47:37+00:00","9.5",250,250,"USD","Air Jordan 4 Royalty","Nike","2017","09","08",250
"273",2017-09-07,"13:34:32+00:00","9.5",250,250,"USD","Air Jordan 4 Royalty","Nike","2017","09","07",250
"274",2017-09-06,"21:52:33+00:00","9.5",180,180,"USD","Air Jordan 4 Royalty","Nike","2017","09","06",180
"275",2017-09-06,"17:09:42+00:00","9.5",318,318,"USD","Air Jordan 4 Royalty","Nike","2017","09","06",318
"276",2017-09-04,"06:12:05+00:00","9.5",250,250,"USD","Air Jordan 4 Royalty","Nike","2017","09","04",250
"277",2017-09-04,"05:40:20+00:00","9.5",225,225,"USD","Air Jordan 4 Royalty","Nike","2017","09","04",225
"278",2017-09-03,"22:30:53+00:00","9.5",220,220,"USD","Air Jordan 4 Royalty","Nike","2017","09","03",220
"279",2017-09-02,"21:44:45+00:00","9.5",250,250,"USD","Air Jordan 4 Royalty","Nike","2017","09","02",250
"280",2017-09-02,"20:13:50+00:00","9.5",180,180,"USD","Air Jordan 4 Royalty","Nike","2017","09","02",180
"281",2017-09-01,"19:31:33+00:00","9.5",166,166,"USD","Air Jordan 4 Royalty","Nike","2017","09","01",166
"282",2017-08-29,"08:10:02+00:00","9.5",275,275,"USD","Air Jordan 4 Royalty","Nike","2017","08","29",275
"283",2017-08-28,"15:20:32+00:00","9.5",275,275,"USD","Air Jordan 4 Royalty","Nike","2017","08","28",275
"284",2017-08-26,"08:39:57+00:00","9.5",170,170,"USD","Air Jordan 4 Royalty","Nike","2017","08","26",170
"285",2017-08-25,"15:42:10+00:00","9.5",225,225,"USD","Air Jordan 4 Royalty","Nike","2017","08","25",225
"286",2017-08-25,"14:21:18+00:00","9.5",275,275,"USD","Air Jordan 4 Royalty","Nike","2017","08","25",275
"287",2017-08-25,"00:33:39+00:00","9.5",318,318,"USD","Air Jordan 4 Royalty","Nike","2017","08","25",318
"288",2017-08-23,"02:27:59+00:00","9.5",210,210,"USD","Air Jordan 4 Royalty","Nike","2017","08","23",210
"289",2017-08-23,"00:14:53+00:00","9.5",209,209,"USD","Air Jordan 4 Royalty","Nike","2017","08","23",209
"290",2017-08-22,"16:43:03+00:00","9.5",150,150,"USD","Air Jordan 4 Royalty","Nike","2017","08","22",150
"291",2017-08-22,"16:40:13+00:00","9.5",165,165,"USD","Air Jordan 4 Royalty","Nike","2017","08","22",165
"292",2017-08-21,"05:45:54+00:00","9.5",214,214,"USD","Air Jordan 4 Royalty","Nike","2017","08","21",214
"293",2017-08-19,"21:56:14+00:00","9.5",250,250,"USD","Air Jordan 4 Royalty","Nike","2017","08","19",250
"294",2017-08-19,"15:42:22+00:00","9.5",250,250,"USD","Air Jordan 4 Royalty","Nike","2017","08","19",250
"295",2017-08-19,"15:02:36+00:00","9.5",250,250,"USD","Air Jordan 4 Royalty","Nike","2017","08","19",250
"296",2017-08-18,"23:27:20+00:00","9.5",250,250,"USD","Air Jordan 4 Royalty","Nike","2017","08","18",250
"297",2017-08-18,"08:03:15+00:00","9.5",250,250,"USD","Air Jordan 4 Royalty","Nike","2017","08","18",250
"298",2017-08-17,"15:37:46+00:00","9.5",250,250,"USD","Air Jordan 4 Royalty","Nike","2017","08","17",250
"299",2017-08-16,"22:01:11+00:00","9.5",225,225,"USD","Air Jordan 4 Royalty","Nike","2017","08","16",225
"300",2017-08-14,"20:33:09+00:00","9.5",250,250,"USD","Air Jordan 4 Royalty","Nike","2017","08","14",250
"301",2017-08-14,"14:38:50+00:00","9.5",250,250,"USD","Air Jordan 4 Royalty","Nike","2017","08","14",250
"302",2017-08-13,"15:09:35+00:00","9.5",250,250,"USD","Air Jordan 4 Royalty","Nike","2017","08","13",250
"303",2017-08-13,"07:02:09+00:00","9.5",250,250,"USD","Air Jordan 4 Royalty","Nike","2017","08","13",250
"304",2017-08-12,"22:09:23+00:00","9.5",190,190,"USD","Air Jordan 4 Royalty","Nike","2017","08","12",190
"305",2017-08-12,"16:01:41+00:00","9.5",250,250,"USD","Air Jordan 4 Royalty","Nike","2017","08","12",250
"306",2017-08-12,"00:43:48+00:00","9.5",250,250,"USD","Air Jordan 4 Royalty","Nike","2017","08","12",250
"307",2017-08-09,"23:12:13+00:00","9.5",250,250,"USD","Air Jordan 4 Royalty","Nike","2017","08","09",250
"308",2017-08-09,"15:53:49+00:00","9.5",250,250,"USD","Air Jordan 4 Royalty","Nike","2017","08","09",250
"309",2017-08-09,"15:28:04+00:00","9.5",250,250,"USD","Air Jordan 4 Royalty","Nike","2017","08","09",250
"310",2017-08-09,"14:29:50+00:00","9.5",250,250,"USD","Air Jordan 4 Royalty","Nike","2017","08","09",250
"311",2017-08-09,"12:08:49+00:00","9.5",250,250,"USD","Air Jordan 4 Royalty","Nike","2017","08","09",250
"312",2017-08-09,"06:24:29+00:00","9.5",250,250,"USD","Air Jordan 4 Royalty","Nike","2017","08","09",250
"313",2017-08-09,"05:18:29+00:00","9.5",250,250,"USD","Air Jordan 4 Royalty","Nike","2017","08","09",250
"314",2017-08-08,"11:32:50+00:00","9.5",210,210,"USD","Air Jordan 4 Royalty","Nike","2017","08","08",210
"315",2017-08-07,"19:41:11+00:00","9.5",200,200,"USD","Air Jordan 4 Royalty","Nike","2017","08","07",200
"316",2017-08-07,"08:04:25+00:00","9.5",250,250,"USD","Air Jordan 4 Royalty","Nike","2017","08","07",250
"317",2017-08-06,"20:00:27+00:00","9.5",200,200,"USD","Air Jordan 4 Royalty","Nike","2017","08","06",200
"318",2017-08-06,"08:01:47+00:00","9.5",250,250,"USD","Air Jordan 4 Royalty","Nike","2017","08","06",250
"319",2017-08-05,"22:52:01+00:00","9.5",199,199,"USD","Air Jordan 4 Royalty","Nike","2017","08","05",199
"320",2017-08-05,"20:41:34+00:00","9.5",175,175,"USD","Air Jordan 4 Royalty","Nike","2017","08","05",175
"321",2017-08-05,"16:38:10+00:00","9.5",250,250,"USD","Air Jordan 4 Royalty","Nike","2017","08","05",250
"322",2017-08-04,"07:02:27+00:00","9.5",262,262,"USD","Air Jordan 4 Royalty","Nike","2017","08","04",262
"323",2017-08-03,"23:10:09+00:00","9.5",250,250,"USD","Air Jordan 4 Royalty","Nike","2017","08","03",250
"324",2017-08-03,"23:08:11+00:00","9.5",181,181,"USD","Air Jordan 4 Royalty","Nike","2017","08","03",181
"325",2017-08-03,"14:27:51+00:00","9.5",225,225,"USD","Air Jordan 4 Royalty","Nike","2017","08","03",225
"326",2017-08-02,"01:07:47+00:00","9.5",250,250,"USD","Air Jordan 4 Royalty","Nike","2017","08","02",250
"327",2017-08-01,"05:30:34+00:00","9.5",175,175,"USD","Air Jordan 4 Royalty","Nike","2017","08","01",175
"328",2017-07-31,"16:05:18+00:00","9.5",250,250,"USD","Air Jordan 4 Royalty","Nike","2017","07","31",250
"329",2017-07-31,"12:33:26+00:00","9.5",250,250,"USD","Air Jordan 4 Royalty","Nike","2017","07","31",250
"330",2017-07-31,"05:47:48+00:00","9.5",183,183,"USD","Air Jordan 4 Royalty","Nike","2017","07","31",183
"331",2017-07-30,"15:17:58+00:00","9.5",185,185,"USD","Air Jordan 4 Royalty","Nike","2017","07","30",185
"332",2017-07-27,"22:46:43+00:00","9.5",225,225,"USD","Air Jordan 4 Royalty","Nike","2017","07","27",225
"333",2017-07-26,"15:04:32+00:00","9.5",257,257,"USD","Air Jordan 4 Royalty","Nike","2017","07","26",257
"334",2017-07-26,"15:00:54+00:00","9.5",250,250,"USD","Air Jordan 4 Royalty","Nike","2017","07","26",250
"335",2017-07-26,"12:52:40+00:00","9.5",250,250,"USD","Air Jordan 4 Royalty","Nike","2017","07","26",250
"336",2017-07-26,"06:12:34+00:00","9.5",262,262,"USD","Air Jordan 4 Royalty","Nike","2017","07","26",262
"337",2017-07-21,"02:13:57+00:00","9.5",267,267,"USD","Air Jordan 4 Royalty","Nike","2017","07","21",267
"338",2017-07-21,"01:33:09+00:00","9.5",250,250,"USD","Air Jordan 4 Royalty","Nike","2017","07","21",250
"339",2017-07-20,"22:59:39+00:00","9.5",225,225,"USD","Air Jordan 4 Royalty","Nike","2017","07","20",225
"340",2017-07-20,"19:49:22+00:00","9.5",250,250,"USD","Air Jordan 4 Royalty","Nike","2017","07","20",250
"341",2017-07-20,"08:50:14+00:00","9.5",250,250,"USD","Air Jordan 4 Royalty","Nike","2017","07","20",250
"342",2017-07-19,"19:29:14+00:00","9.5",250,250,"USD","Air Jordan 4 Royalty","Nike","2017","07","19",250
"343",2017-07-19,"12:01:22+00:00","9.5",250,250,"USD","Air Jordan 4 Royalty","Nike","2017","07","19",250
"344",2017-07-18,"20:12:10+00:00","9.5",250,250,"USD","Air Jordan 4 Royalty","Nike","2017","07","18",250
"345",2017-07-18,"11:44:33+00:00","9.5",250,250,"USD","Air Jordan 4 Royalty","Nike","2017","07","18",250
"346",2017-07-18,"11:34:36+00:00","9.5",250,250,"USD","Air Jordan 4 Royalty","Nike","2017","07","18",250
"347",2017-07-18,"11:14:46+00:00","9.5",250,250,"USD","Air Jordan 4 Royalty","Nike","2017","07","18",250
"348",2017-07-18,"10:11:48+00:00","9.5",250,250,"USD","Air Jordan 4 Royalty","Nike","2017","07","18",250
"349",2017-07-18,"09:59:03+00:00","9.5",250,250,"USD","Air Jordan 4 Royalty","Nike","2017","07","18",250
"350",2017-07-18,"09:55:39+00:00","9.5",250,250,"USD","Air Jordan 4 Royalty","Nike","2017","07","18",250
"351",2017-07-18,"09:40:13+00:00","9.5",250,250,"USD","Air Jordan 4 Royalty","Nike","2017","07","18",250
"352",2017-07-18,"09:38:41+00:00","9.5",250,250,"USD","Air Jordan 4 Royalty","Nike","2017","07","18",250
"353",2017-07-18,"08:09:00+00:00","9.5",250,250,"USD","Air Jordan 4 Royalty","Nike","2017","07","18",250
"354",2017-07-15,"23:18:35+00:00","9.5",250,250,"USD","Air Jordan 4 Royalty","Nike","2017","07","15",250
"355",2017-07-15,"17:46:09+00:00","9.5",195,195,"USD","Air Jordan 4 Royalty","Nike","2017","07","15",195
"356",2017-07-15,"15:12:52+00:00","9.5",250,250,"USD","Air Jordan 4 Royalty","Nike","2017","07","15",250
"357",2017-07-14,"17:47:18+00:00","9.5",175,175,"USD","Air Jordan 4 Royalty","Nike","2017","07","14",175
"358",2017-07-14,"00:44:05+00:00","9.5",250,250,"USD","Air Jordan 4 Royalty","Nike","2017","07","14",250
"359",2017-07-13,"22:48:55+00:00","9.5",250,250,"USD","Air Jordan 4 Royalty","Nike","2017","07","13",250
"360",2017-07-13,"08:24:08+00:00","9.5",160,160,"USD","Air Jordan 4 Royalty","Nike","2017","07","13",160
"361",2017-07-11,"15:42:35+00:00","9.5",250,250,"USD","Air Jordan 4 Royalty","Nike","2017","07","11",250
"362",2017-07-11,"12:41:22+00:00","9.5",250,250,"USD","Air Jordan 4 Royalty","Nike","2017","07","11",250
"363",2017-07-11,"07:12:39+00:00","9.5",250,250,"USD","Air Jordan 4 Royalty","Nike","2017","07","11",250
"364",2017-07-09,"10:33:26+00:00","9.5",152,152,"USD","Air Jordan 4 Royalty","Nike","2017","07","09",152
"365",2017-07-06,"23:11:47+00:00","9.5",195,195,"USD","Air Jordan 4 Royalty","Nike","2017","07","06",195
"366",2017-07-06,"13:04:53+00:00","9.5",250,250,"USD","Air Jordan 4 Royalty","Nike","2017","07","06",250
"367",2017-07-05,"13:06:08+00:00","9.5",194,194,"USD","Air Jordan 4 Royalty","Nike","2017","07","05",194
"368",2017-07-04,"16:14:48+00:00","9.5",250,250,"USD","Air Jordan 4 Royalty","Nike","2017","07","04",250
"369",2017-07-03,"11:58:46+00:00","9.5",160,160,"USD","Air Jordan 4 Royalty","Nike","2017","07","03",160
"370",2017-07-02,"15:03:19+00:00","9.5",250,250,"USD","Air Jordan 4 Royalty","Nike","2017","07","02",250
"371",2017-07-02,"13:10:43+00:00","9.5",250,250,"USD","Air Jordan 4 Royalty","Nike","2017","07","02",250
"372",2017-07-01,"14:35:17+00:00","9.5",225,225,"USD","Air Jordan 4 Royalty","Nike","2017","07","01",225
"373",2017-06-29,"18:43:07+00:00","9.5",150,150,"USD","Air Jordan 4 Royalty","Nike","2017","06","29",150
"374",2017-06-28,"17:33:57+00:00","9.5",194,194,"USD","Air Jordan 4 Royalty","Nike","2017","06","28",194
"375",2017-06-28,"13:08:54+00:00","9.5",250,250,"USD","Air Jordan 4 Royalty","Nike","2017","06","28",250
"376",2017-06-28,"07:26:37+00:00","9.5",250,250,"USD","Air Jordan 4 Royalty","Nike","2017","06","28",250
"377",2017-06-28,"05:03:23+00:00","9.5",161,161,"USD","Air Jordan 4 Royalty","Nike","2017","06","28",161
"378",2017-06-26,"05:24:34+00:00","9.5",318,318,"USD","Air Jordan 4 Royalty","Nike","2017","06","26",318
"379",2017-06-23,"18:30:44+00:00","9.5",162,162,"USD","Air Jordan 4 Royalty","Nike","2017","06","23",162
"380",2017-06-23,"14:29:56+00:00","9.5",250,250,"USD","Air Jordan 4 Royalty","Nike","2017","06","23",250
"381",2017-06-22,"15:58:43+00:00","9.5",250,250,"USD","Air Jordan 4 Royalty","Nike","2017","06","22",250
"382",2017-06-22,"14:27:32+00:00","9.5",250,250,"USD","Air Jordan 4 Royalty","Nike","2017","06","22",250
"383",2017-06-22,"13:32:14+00:00","9.5",250,250,"USD","Air Jordan 4 Royalty","Nike","2017","06","22",250
"384",2017-06-20,"16:39:36+00:00","9.5",275,275,"USD","Air Jordan 4 Royalty","Nike","2017","06","20",275
"385",2017-06-20,"16:39:06+00:00","9.5",275,275,"USD","Air Jordan 4 Royalty","Nike","2017","06","20",275
"386",2017-06-20,"16:27:56+00:00","9.5",275,275,"USD","Air Jordan 4 Royalty","Nike","2017","06","20",275
"387",2017-06-20,"16:17:26+00:00","9.5",275,275,"USD","Air Jordan 4 Royalty","Nike","2017","06","20",275
"388",2017-06-20,"14:54:34+00:00","9.5",275,275,"USD","Air Jordan 4 Royalty","Nike","2017","06","20",275
"389",2017-06-19,"15:01:20+00:00","9.5",250,250,"USD","Air Jordan 4 Royalty","Nike","2017","06","19",250
"390",2017-06-19,"13:50:55+00:00","9.5",250,250,"USD","Air Jordan 4 Royalty","Nike","2017","06","19",250
"391",2017-06-19,"13:40:34+00:00","9.5",250,250,"USD","Air Jordan 4 Royalty","Nike","2017","06","19",250
"392",2017-06-19,"13:03:49+00:00","9.5",250,250,"USD","Air Jordan 4 Royalty","Nike","2017","06","19",250
"393",2017-06-18,"13:40:03+00:00","9.5",250,250,"USD","Air Jordan 4 Royalty","Nike","2017","06","18",250
"394",2017-06-18,"07:32:47+00:00","9.5",225,225,"USD","Air Jordan 4 Royalty","Nike","2017","06","18",225
"395",2017-06-16,"23:35:13+00:00","9.5",250,250,"USD","Air Jordan 4 Royalty","Nike","2017","06","16",250
"396",2017-06-16,"23:15:09+00:00","9.5",250,250,"USD","Air Jordan 4 Royalty","Nike","2017","06","16",250
"397",2017-06-16,"16:14:45+00:00","9.5",250,250,"USD","Air Jordan 4 Royalty","Nike","2017","06","16",250
"398",2017-06-16,"15:41:32+00:00","9.5",250,250,"USD","Air Jordan 4 Royalty","Nike","2017","06","16",250
"399",2017-06-16,"15:23:27+00:00","9.5",250,250,"USD","Air Jordan 4 Royalty","Nike","2017","06","16",250
"400",2017-06-16,"15:22:01+00:00","9.5",250,250,"USD","Air Jordan 4 Royalty","Nike","2017","06","16",250
"401",2017-06-16,"14:38:36+00:00","9.5",184,184,"USD","Air Jordan 4 Royalty","Nike","2017","06","16",184
"402",2017-06-16,"14:31:57+00:00","9.5",250,250,"USD","Air Jordan 4 Royalty","Nike","2017","06","16",250
"403",2017-06-16,"13:20:04+00:00","9.5",250,250,"USD","Air Jordan 4 Royalty","Nike","2017","06","16",250
"404",2017-06-16,"00:54:46+00:00","9.5",175,175,"USD","Air Jordan 4 Royalty","Nike","2017","06","16",175
"405",2017-06-15,"13:41:55+00:00","9.5",250,250,"USD","Air Jordan 4 Royalty","Nike","2017","06","15",250
"406",2017-06-15,"13:35:26+00:00","9.5",250,250,"USD","Air Jordan 4 Royalty","Nike","2017","06","15",250
"407",2017-06-15,"05:22:58+00:00","9.5",225,225,"USD","Air Jordan 4 Royalty","Nike","2017","06","15",225
"408",2017-06-13,"14:04:45+00:00","9.5",275,275,"USD","Air Jordan 4 Royalty","Nike","2017","06","13",275
"409",2017-06-13,"13:13:03+00:00","9.5",275,275,"USD","Air Jordan 4 Royalty","Nike","2017","06","13",275
"410",2017-06-13,"00:06:58+00:00","9.5",185,185,"USD","Air Jordan 4 Royalty","Nike","2017","06","13",185
"411",2017-06-12,"15:05:16+00:00","9.5",275,275,"USD","Air Jordan 4 Royalty","Nike","2017","06","12",275
"412",2017-06-12,"14:35:28+00:00","9.5",275,275,"USD","Air Jordan 4 Royalty","Nike","2017","06","12",275
"413",2017-06-10,"22:40:48+00:00","9.5",250,250,"USD","Air Jordan 4 Royalty","Nike","2017","06","10",250
"414",2017-06-10,"08:06:50+00:00","9.5",250,250,"USD","Air Jordan 4 Royalty","Nike","2017","06","10",250
"415",2017-06-10,"01:14:28+00:00","9.5",313,313,"USD","Air Jordan 4 Royalty","Nike","2017","06","10",313
"416",2017-06-08,"16:04:43+00:00","9.5",250,250,"USD","Air Jordan 4 Royalty","Nike","2017","06","08",250
"417",2017-06-08,"08:27:01+00:00","9.5",250,250,"USD","Air Jordan 4 Royalty","Nike","2017","06","08",250
"418",2017-06-08,"03:05:59+00:00","9.5",185,185,"USD","Air Jordan 4 Royalty","Nike","2017","06","08",185
"419",2017-06-07,"07:03:06+00:00","9.5",250,250,"USD","Air Jordan 4 Royalty","Nike","2017","06","07",250
"420",2017-06-05,"19:30:22+00:00","9.5",160,160,"USD","Air Jordan 4 Royalty","Nike","2017","06","05",160
"421",2017-06-05,"14:05:13+00:00","9.5",250,250,"USD","Air Jordan 4 Royalty","Nike","2017","06","05",250
"422",2017-06-05,"13:40:39+00:00","9.5",250,250,"USD","Air Jordan 4 Royalty","Nike","2017","06","05",250
"423",2017-06-04,"08:28:33+00:00","9.5",308,308,"USD","Air Jordan 4 Royalty","Nike","2017","06","04",308
"424",2017-06-03,"23:06:15+00:00","9.5",215,215,"USD","Air Jordan 4 Royalty","Nike","2017","06","03",215
"425",2017-06-02,"23:09:44+00:00","9.5",250,250,"USD","Air Jordan 4 Royalty","Nike","2017","06","02",250
"426",2017-06-01,"08:01:50+00:00","9.5",250,250,"USD","Air Jordan 4 Royalty","Nike","2017","06","01",250
"427",2017-05-31,"20:23:50+00:00","9.5",166,166,"USD","Air Jordan 4 Royalty","Nike","2017","05","31",166
"428",2017-05-31,"08:11:28+00:00","9.5",275,275,"USD","Air Jordan 4 Royalty","Nike","2017","05","31",275
"429",2017-05-31,"06:24:57+00:00","9.5",275,275,"USD","Air Jordan 4 Royalty","Nike","2017","05","31",275
"430",2017-05-30,"14:48:26+00:00","9.5",250,250,"USD","Air Jordan 4 Royalty","Nike","2017","05","30",250
"431",2017-05-29,"19:50:12+00:00","9.5",210,210,"USD","Air Jordan 4 Royalty","Nike","2017","05","29",210
"432",2017-05-29,"13:52:56+00:00","9.5",264,264,"USD","Air Jordan 4 Royalty","Nike","2017","05","29",264
"433",2017-05-27,"23:30:52+00:00","9.5",190,190,"USD","Air Jordan 4 Royalty","Nike","2017","05","27",190
"434",2017-05-27,"13:43:47+00:00","9.5",250,250,"USD","Air Jordan 4 Royalty","Nike","2017","05","27",250
"435",2017-05-26,"15:29:12+00:00","9.5",250,250,"USD","Air Jordan 4 Royalty","Nike","2017","05","26",250
"436",2017-05-26,"08:09:15+00:00","9.5",275,275,"USD","Air Jordan 4 Royalty","Nike","2017","05","26",275
"437",2017-05-25,"08:33:08+00:00","9.5",190,190,"USD","Air Jordan 4 Royalty","Nike","2017","05","25",190
"438",2017-05-25,"06:34:22+00:00","9.5",275,275,"USD","Air Jordan 4 Royalty","Nike","2017","05","25",275
"439",2017-05-25,"05:40:53+00:00","9.5",275,275,"USD","Air Jordan 4 Royalty","Nike","2017","05","25",275
"440",2017-05-25,"04:33:49+00:00","9.5",275,275,"USD","Air Jordan 4 Royalty","Nike","2017","05","25",275
"441",2017-05-24,"00:45:39+00:00","9.5",170,170,"USD","Air Jordan 4 Royalty","Nike","2017","05","24",170
"442",2017-05-23,"21:59:03+00:00","9.5",250,250,"USD","Air Jordan 4 Royalty","Nike","2017","05","23",250
"443",2017-05-23,"14:11:01+00:00","9.5",250,250,"USD","Air Jordan 4 Royalty","Nike","2017","05","23",250
"444",2017-05-21,"21:46:21+00:00","9.5",250,250,"USD","Air Jordan 4 Royalty","Nike","2017","05","21",250
"445",2017-05-21,"08:43:12+00:00","9.5",180,180,"USD","Air Jordan 4 Royalty","Nike","2017","05","21",180
"446",2017-05-20,"13:39:11+00:00","9.5",250,250,"USD","Air Jordan 4 Royalty","Nike","2017","05","20",250
"447",2017-05-20,"03:36:29+00:00","9.5",194,194,"USD","Air Jordan 4 Royalty","Nike","2017","05","20",194
"448",2017-05-18,"14:37:51+00:00","9.5",275,275,"USD","Air Jordan 4 Royalty","Nike","2017","05","18",275
"449",2017-05-17,"14:14:06+00:00","9.5",275,275,"USD","Air Jordan 4 Royalty","Nike","2017","05","17",275
"450",2017-05-16,"02:33:26+00:00","9.5",199,199,"USD","Air Jordan 4 Royalty","Nike","2017","05","16",199
"451",2017-05-15,"09:08:41+00:00","9.5",180,180,"USD","Air Jordan 4 Royalty","Nike","2017","05","15",180
"452",2017-05-15,"05:28:27+00:00","9.5",275,275,"USD","Air Jordan 4 Royalty","Nike","2017","05","15",275
"453",2017-05-12,"05:21:43+00:00","9.5",275,275,"USD","Air Jordan 4 Royalty","Nike","2017","05","12",275
"454",2017-05-11,"13:55:46+00:00","9.5",275,275,"USD","Air Jordan 4 Royalty","Nike","2017","05","11",275
"455",2017-05-10,"03:23:54+00:00","9.5",185,185,"USD","Air Jordan 4 Royalty","Nike","2017","05","10",185
"456",2017-05-09,"23:44:59+00:00","9.5",275,275,"USD","Air Jordan 4 Royalty","Nike","2017","05","09",275
"457",2017-05-09,"04:40:50+00:00","9.5",275,275,"USD","Air Jordan 4 Royalty","Nike","2017","05","09",275
"458",2017-05-08,"23:04:55+00:00","9.5",250,250,"USD","Air Jordan 4 Royalty","Nike","2017","05","08",250
"459",2017-05-05,"23:34:20+00:00","9.5",275,275,"USD","Air Jordan 4 Royalty","Nike","2017","05","05",275
"460",2017-05-05,"00:05:11+00:00","9.5",250,250,"USD","Air Jordan 4 Royalty","Nike","2017","05","05",250
"461",2017-05-03,"22:15:08+00:00","9.5",275,275,"USD","Air Jordan 4 Royalty","Nike","2017","05","03",275
"462",2017-05-03,"14:39:57+00:00","9.5",275,275,"USD","Air Jordan 4 Royalty","Nike","2017","05","03",275
"463",2017-05-01,"21:23:40+00:00","9.5",250,250,"USD","Air Jordan 4 Royalty","Nike","2017","05","01",250
"464",2017-04-30,"12:45:47+00:00","9.5",275,275,"USD","Air Jordan 4 Royalty","Nike","2017","04","30",275
"465",2017-04-29,"15:29:06+00:00","9.5",250,250,"USD","Air Jordan 4 Royalty","Nike","2017","04","29",250
"466",2017-04-28,"22:09:13+00:00","9.5",205,205,"USD","Air Jordan 4 Royalty","Nike","2017","04","28",205
"467",2017-04-28,"15:53:49+00:00","9.5",275,275,"USD","Air Jordan 4 Royalty","Nike","2017","04","28",275
"468",2017-04-25,"12:27:48+00:00","9.5",250,250,"USD","Air Jordan 4 Royalty","Nike","2017","04","25",250
"469",2017-04-24,"19:40:23+00:00","9.5",200,200,"USD","Air Jordan 4 Royalty","Nike","2017","04","24",200
"470",2017-04-24,"12:56:14+00:00","9.5",250,250,"USD","Air Jordan 4 Royalty","Nike","2017","04","24",250
"471",2017-04-22,"14:32:33+00:00","9.5",190,190,"USD","Air Jordan 4 Royalty","Nike","2017","04","22",190
"472",2017-04-19,"14:35:00+00:00","9.5",250,250,"USD","Air Jordan 4 Royalty","Nike","2017","04","19",250
"473",2017-04-19,"06:09:45+00:00","9.5",250,250,"USD","Air Jordan 4 Royalty","Nike","2017","04","19",250
"474",2017-04-19,"02:26:26+00:00","9.5",200,200,"USD","Air Jordan 4 Royalty","Nike","2017","04","19",200
"475",2017-04-18,"15:42:56+00:00","9.5",293,293,"USD","Air Jordan 4 Royalty","Nike","2017","04","18",293
"476",2017-04-18,"13:59:58+00:00","9.5",250,250,"USD","Air Jordan 4 Royalty","Nike","2017","04","18",250
"477",2017-04-18,"13:27:47+00:00","9.5",250,250,"USD","Air Jordan 4 Royalty","Nike","2017","04","18",250
"478",2017-04-17,"15:45:42+00:00","9.5",250,250,"USD","Air Jordan 4 Royalty","Nike","2017","04","17",250
"479",2017-04-16,"20:52:33+00:00","9.5",250,250,"USD","Air Jordan 4 Royalty","Nike","2017","04","16",250
"480",2017-04-16,"05:28:31+00:00","9.5",175,175,"USD","Air Jordan 4 Royalty","Nike","2017","04","16",175
"481",2017-04-15,"15:35:43+00:00","9.5",250,250,"USD","Air Jordan 4 Royalty","Nike","2017","04","15",250
"482",2017-04-14,"22:06:14+00:00","9.5",250,250,"USD","Air Jordan 4 Royalty","Nike","2017","04","14",250
"483",2017-04-14,"14:19:24+00:00","9.5",250,250,"USD","Air Jordan 4 Royalty","Nike","2017","04","14",250
"484",2017-04-13,"17:01:19+00:00","9.5",180,180,"USD","Air Jordan 4 Royalty","Nike","2017","04","13",180
"485",2017-04-13,"13:21:56+00:00","9.5",250,250,"USD","Air Jordan 4 Royalty","Nike","2017","04","13",250
"486",2017-04-12,"23:13:38+00:00","9.5",250,250,"USD","Air Jordan 4 Royalty","Nike","2017","04","12",250
"487",2017-04-12,"16:39:58+00:00","9.5",287,287,"USD","Air Jordan 4 Royalty","Nike","2017","04","12",287
"488",2017-04-09,"23:56:50+00:00","9.5",250,250,"USD","Air Jordan 4 Royalty","Nike","2017","04","09",250
"489",2017-04-09,"16:56:49+00:00","9.5",277,277,"USD","Air Jordan 4 Royalty","Nike","2017","04","09",277
"490",2017-04-09,"07:41:58+00:00","9.5",267,267,"USD","Air Jordan 4 Royalty","Nike","2017","04","09",267
"491",2017-04-08,"15:58:23+00:00","9.5",250,250,"USD","Air Jordan 4 Royalty","Nike","2017","04","08",250
"492",2017-04-05,"17:26:03+00:00","9.5",250,250,"USD","Air Jordan 4 Royalty","Nike","2017","04","05",250
"493",2017-04-04,"16:57:18+00:00","9.5",250,250,"USD","Air Jordan 4 Royalty","Nike","2017","04","04",250
"494",2017-04-04,"01:50:25+00:00","9.5",250,250,"USD","Air Jordan 4 Royalty","Nike","2017","04","04",250
"495",2017-04-03,"17:06:53+00:00","9.5",250,250,"USD","Air Jordan 4 Royalty","Nike","2017","04","03",250
"496",2017-04-02,"01:31:41+00:00","9.5",176,176,"USD","Air Jordan 4 Royalty","Nike","2017","04","02",176
"497",2017-03-31,"19:03:08+00:00","9.5",225,225,"USD","Air Jordan 4 Royalty","Nike","2017","03","31",225
"498",2017-03-31,"18:31:14+00:00","9.5",225,225,"USD","Air Jordan 4 Royalty","Nike","2017","03","31",225
"499",2017-03-31,"10:05:03+00:00","9.5",250,250,"USD","Air Jordan 4 Royalty","Nike","2017","03","31",250
"500",2017-03-30,"08:41:30+00:00","9.5",250,250,"USD","Air Jordan 4 Royalty","Nike","2017","03","30",250
"501",2017-03-28,"19:09:54+00:00","9.5",190,190,"USD","Air Jordan 4 Royalty","Nike","2017","03","28",190
"502",2017-03-28,"17:39:05+00:00","9.5",250,250,"USD","Air Jordan 4 Royalty","Nike","2017","03","28",250
"503",2017-03-27,"20:03:25+00:00","9.5",250,250,"USD","Air Jordan 4 Royalty","Nike","2017","03","27",250
"504",2017-03-27,"16:42:52+00:00","9.5",250,250,"USD","Air Jordan 4 Royalty","Nike","2017","03","27",250
"505",2017-03-26,"04:18:18+00:00","9.5",267,267,"USD","Air Jordan 4 Royalty","Nike","2017","03","26",267
"506",2017-03-26,"03:11:27+00:00","9.5",190,190,"USD","Air Jordan 4 Royalty","Nike","2017","03","26",190
"507",2017-03-26,"00:10:14+00:00","9.5",160,160,"USD","Air Jordan 4 Royalty","Nike","2017","03","26",160
"508",2017-03-25,"18:39:43+00:00","9.5",175,175,"USD","Air Jordan 4 Royalty","Nike","2017","03","25",175
"509",2017-03-25,"17:59:54+00:00","9.5",175,175,"USD","Air Jordan 4 Royalty","Nike","2017","03","25",175
"510",2017-03-25,"09:49:41+00:00","9.5",250,250,"USD","Air Jordan 4 Royalty","Nike","2017","03","25",250
"511",2017-03-25,"03:53:26+00:00","9.5",185,185,"USD","Air Jordan 4 Royalty","Nike","2017","03","25",185
"512",2017-03-24,"20:22:38+00:00","9.5",185,185,"USD","Air Jordan 4 Royalty","Nike","2017","03","24",185
"513",2017-03-24,"17:46:43+00:00","9.5",250,250,"USD","Air Jordan 4 Royalty","Nike","2017","03","24",250
"514",2017-03-24,"11:30:16+00:00","9.5",250,250,"USD","Air Jordan 4 Royalty","Nike","2017","03","24",250
"515",2017-03-23,"20:07:45+00:00","9.5",225,225,"USD","Air Jordan 4 Royalty","Nike","2017","03","23",225
"516",2017-03-23,"20:05:39+00:00","9.5",250,250,"USD","Air Jordan 4 Royalty","Nike","2017","03","23",250
"517",2017-03-23,"19:10:00+00:00","9.5",225,225,"USD","Air Jordan 4 Royalty","Nike","2017","03","23",225
"518",2017-03-23,"09:03:09+00:00","9.5",225,225,"USD","Air Jordan 4 Royalty","Nike","2017","03","23",225
"519",2017-03-22,"17:19:35+00:00","9.5",225,225,"USD","Air Jordan 4 Royalty","Nike","2017","03","22",225
"520",2017-03-21,"20:23:19+00:00","9.5",225,225,"USD","Air Jordan 4 Royalty","Nike","2017","03","21",225
"521",2017-03-21,"19:26:06+00:00","9.5",267,267,"USD","Air Jordan 4 Royalty","Nike","2017","03","21",267
"522",2017-03-21,"18:53:16+00:00","9.5",225,225,"USD","Air Jordan 4 Royalty","Nike","2017","03","21",225
"523",2017-03-20,"08:47:33+00:00","9.5",198,198,"USD","Air Jordan 4 Royalty","Nike","2017","03","20",198
"524",2017-03-20,"04:34:34+00:00","9.5",220,220,"USD","Air Jordan 4 Royalty","Nike","2017","03","20",220
"525",2017-03-19,"19:04:33+00:00","9.5",250,250,"USD","Air Jordan 4 Royalty","Nike","2017","03","19",250
"526",2017-03-19,"16:49:39+00:00","9.5",250,250,"USD","Air Jordan 4 Royalty","Nike","2017","03","19",250
"527",2017-03-19,"10:35:25+00:00","9.5",250,250,"USD","Air Jordan 4 Royalty","Nike","2017","03","19",250
"528",2017-03-18,"18:59:45+00:00","9.5",185,185,"USD","Air Jordan 4 Royalty","Nike","2017","03","18",185
"529",2017-03-18,"10:26:01+00:00","9.5",225,225,"USD","Air Jordan 4 Royalty","Nike","2017","03","18",225
"530",2017-03-18,"08:47:00+00:00","9.5",225,225,"USD","Air Jordan 4 Royalty","Nike","2017","03","18",225
"531",2017-03-18,"04:23:24+00:00","9.5",242,242,"USD","Air Jordan 4 Royalty","Nike","2017","03","18",242
"532",2017-03-17,"18:16:51+00:00","9.5",225,225,"USD","Air Jordan 4 Royalty","Nike","2017","03","17",225
"533",2017-03-17,"17:36:10+00:00","9.5",182,182,"USD","Air Jordan 4 Royalty","Nike","2017","03","17",182
"534",2017-03-17,"16:45:11+00:00","9.5",186,186,"USD","Air Jordan 4 Royalty","Nike","2017","03","17",186
"535",2017-03-17,"09:55:10+00:00","9.5",225,225,"USD","Air Jordan 4 Royalty","Nike","2017","03","17",225
"536",2017-03-16,"18:22:46+00:00","9.5",252,252,"USD","Air Jordan 4 Royalty","Nike","2017","03","16",252
"537",2017-03-16,"09:31:41+00:00","9.5",225,225,"USD","Air Jordan 4 Royalty","Nike","2017","03","16",225
"538",2017-03-15,"02:04:02+00:00","9.5",225,225,"USD","Air Jordan 4 Royalty","Nike","2017","03","15",225
"539",2017-03-13,"12:38:22+00:00","9.5",197,197,"USD","Air Jordan 4 Royalty","Nike","2017","03","13",197
"540",2017-03-13,"08:52:23+00:00","9.5",225,225,"USD","Air Jordan 4 Royalty","Nike","2017","03","13",225
"541",2017-03-12,"20:01:30+00:00","9.5",185,185,"USD","Air Jordan 4 Royalty","Nike","2017","03","12",185
"542",2017-03-11,"20:37:56+00:00","9.5",225,225,"USD","Air Jordan 4 Royalty","Nike","2017","03","11",225
"543",2017-03-11,"10:12:13+00:00","9.5",225,225,"USD","Air Jordan 4 Royalty","Nike","2017","03","11",225
"544",2017-03-09,"20:25:22+00:00","9.5",225,225,"USD","Air Jordan 4 Royalty","Nike","2017","03","09",225
"545",2017-03-09,"17:29:57+00:00","9.5",225,225,"USD","Air Jordan 4 Royalty","Nike","2017","03","09",225
"546",2017-03-07,"14:20:04+00:00","9.5",225,225,"USD","Air Jordan 4 Royalty","Nike","2017","03","07",225
"547",2017-03-07,"05:44:56+00:00","9.5",225,225,"USD","Air Jordan 4 Royalty","Nike","2017","03","07",225
"548",2017-03-06,"21:58:29+00:00","9.5",225,225,"USD","Air Jordan 4 Royalty","Nike","2017","03","06",225
"549",2017-03-06,"12:16:11+00:00","9.5",190,190,"USD","Air Jordan 4 Royalty","Nike","2017","03","06",190
"550",2017-03-06,"05:11:17+00:00","9.5",257,257,"USD","Air Jordan 4 Royalty","Nike","2017","03","06",257
"551",2017-03-04,"14:27:22+00:00","9.5",250,250,"USD","Air Jordan 4 Royalty","Nike","2017","03","04",250
"552",2017-03-02,"20:48:43+00:00","9.5",225,225,"USD","Air Jordan 4 Royalty","Nike","2017","03","02",225
"553",2017-03-02,"19:59:48+00:00","9.5",225,225,"USD","Air Jordan 4 Royalty","Nike","2017","03","02",225
"554",2017-03-02,"07:54:00+00:00","9.5",247,247,"USD","Air Jordan 4 Royalty","Nike","2017","03","02",247
"555",2017-03-01,"22:42:07+00:00","9.5",180,180,"USD","Air Jordan 4 Royalty","Nike","2017","03","01",180
"556",2017-03-01,"02:49:19+00:00","9.5",225,225,"USD","Air Jordan 4 Royalty","Nike","2017","03","01",225
"557",2017-03-01,"01:28:13+00:00","9.5",176,176,"USD","Air Jordan 4 Royalty","Nike","2017","03","01",176
"558",2017-02-27,"18:44:40+00:00","9.5",225,225,"USD","Air Jordan 4 Royalty","Nike","2017","02","27",225
"559",2017-02-27,"14:33:01+00:00","9.5",225,225,"USD","Air Jordan 4 Royalty","Nike","2017","02","27",225
"560",2017-02-26,"04:45:53+00:00","9.5",150,150,"USD","Air Jordan 4 Royalty","Nike","2017","02","26",150
"561",2017-02-26,"03:45:16+00:00","9.5",161,161,"USD","Air Jordan 4 Royalty","Nike","2017","02","26",161
"562",2017-02-24,"23:11:43+00:00","9.5",250,250,"USD","Air Jordan 4 Royalty","Nike","2017","02","24",250
"563",2017-02-24,"19:06:18+00:00","9.5",250,250,"USD","Air Jordan 4 Royalty","Nike","2017","02","24",250
"564",2017-02-24,"14:46:05+00:00","9.5",225,225,"USD","Air Jordan 4 Royalty","Nike","2017","02","24",225
"565",2017-02-22,"07:01:48+00:00","9.5",257,257,"USD","Air Jordan 4 Royalty","Nike","2017","02","22",257
"566",2017-02-21,"05:05:47+00:00","9.5",250,250,"USD","Air Jordan 4 Royalty","Nike","2017","02","21",250
"567",2017-02-20,"22:17:07+00:00","9.5",250,250,"USD","Air Jordan 4 Royalty","Nike","2017","02","20",250
"568",2017-02-20,"19:50:46+00:00","9.5",188,188,"USD","Air Jordan 4 Royalty","Nike","2017","02","20",188
"569",2017-02-20,"10:05:16+00:00","9.5",250,250,"USD","Air Jordan 4 Royalty","Nike","2017","02","20",250
"570",2017-02-19,"21:37:53+00:00","9.5",225,225,"USD","Air Jordan 4 Royalty","Nike","2017","02","19",225
"571",2017-02-19,"19:31:20+00:00","9.5",225,225,"USD","Air Jordan 4 Royalty","Nike","2017","02","19",225
"572",2017-02-18,"05:06:05+00:00","9.5",200,200,"USD","Air Jordan 4 Royalty","Nike","2017","02","18",200
"573",2017-02-18,"01:21:54+00:00","9.5",186,186,"USD","Air Jordan 4 Royalty","Nike","2017","02","18",186
"574",2017-02-16,"15:26:46+00:00","9.5",225,225,"USD","Air Jordan 4 Royalty","Nike","2017","02","16",225
"575",2017-02-15,"13:20:30+00:00","9.5",190,190,"USD","Air Jordan 4 Royalty","Nike","2017","02","15",190
"576",2017-02-13,"01:39:53+00:00","9.5",250,250,"USD","Air Jordan 4 Royalty","Nike","2017","02","13",250
"577",2017-02-12,"22:44:48+00:00","9.5",257,257,"USD","Air Jordan 4 Royalty","Nike","2017","02","12",257
"578",2017-02-12,"18:25:28+00:00","9.5",162,162,"USD","Air Jordan 4 Royalty","Nike","2017","02","12",162
"579",2017-02-12,"13:43:15+00:00","9.5",250,250,"USD","Air Jordan 4 Royalty","Nike","2017","02","12",250
"580",2017-02-11,"17:58:07+00:00","9.5",199,199,"USD","Air Jordan 4 Royalty","Nike","2017","02","11",199
"581",2017-02-11,"16:19:49+00:00","9.5",178,178,"USD","Air Jordan 4 Royalty","Nike","2017","02","11",178
"582",2017-02-11,"08:33:32+00:00","9.5",197,197,"USD","Air Jordan 4 Royalty","Nike","2017","02","11",197
"583",2017-02-10,"17:48:23+00:00","9.5",275,275,"USD","Air Jordan 4 Royalty","Nike","2017","02","10",275
"584",2017-02-10,"13:47:31+00:00","9.5",250,250,"USD","Air Jordan 4 Royalty","Nike","2017","02","10",250
"585",2017-02-09,"18:50:32+00:00","9.5",250,250,"USD","Air Jordan 4 Royalty","Nike","2017","02","09",250
"586",2017-02-09,"13:05:00+00:00","9.5",250,250,"USD","Air Jordan 4 Royalty","Nike","2017","02","09",250
"587",2017-02-09,"12:27:57+00:00","9.5",250,250,"USD","Air Jordan 4 Royalty","Nike","2017","02","09",250
"588",2017-02-09,"09:47:12+00:00","9.5",184,184,"USD","Air Jordan 4 Royalty","Nike","2017","02","09",184
"589",2017-02-09,"09:43:26+00:00","9.5",175,175,"USD","Air Jordan 4 Royalty","Nike","2017","02","09",175
"590",2017-02-08,"22:14:46+00:00","9.5",170,170,"USD","Air Jordan 4 Royalty","Nike","2017","02","08",170
"591",2017-02-08,"18:21:19+00:00","9.5",293,293,"USD","Air Jordan 4 Royalty","Nike","2017","02","08",293
"592",2017-02-08,"14:15:55+00:00","9.5",250,250,"USD","Air Jordan 4 Royalty","Nike","2017","02","08",250
"593",2017-02-08,"13:55:03+00:00","9.5",250,250,"USD","Air Jordan 4 Royalty","Nike","2017","02","08",250
"594",2017-02-08,"11:29:27+00:00","9.5",250,250,"USD","Air Jordan 4 Royalty","Nike","2017","02","08",250
"595",2017-02-07,"22:39:23+00:00","9.5",250,250,"USD","Air Jordan 4 Royalty","Nike","2017","02","07",250
"596",2017-02-07,"01:55:01+00:00","9.5",189,189,"USD","Air Jordan 4 Royalty","Nike","2017","02","07",189
"597",2017-02-07,"00:17:10+00:00","9.5",190,190,"USD","Air Jordan 4 Royalty","Nike","2017","02","07",190
"598",2017-02-06,"08:05:43+00:00","9.5",250,250,"USD","Air Jordan 4 Royalty","Nike","2017","02","06",250
"599",2017-02-06,"02:13:54+00:00","9.5",250,250,"USD","Air Jordan 4 Royalty","Nike","2017","02","06",250
"600",2017-02-04,"23:00:58+00:00","9.5",196,196,"USD","Air Jordan 4 Royalty","Nike","2017","02","04",196
"601",2017-02-04,"21:50:19+00:00","9.5",200,200,"USD","Air Jordan 4 Royalty","Nike","2017","02","04",200
"602",2017-02-04,"14:32:18+00:00","9.5",318,318,"USD","Air Jordan 4 Royalty","Nike","2017","02","04",318
"603",2017-02-04,"14:25:01+00:00","9.5",210,210,"USD","Air Jordan 4 Royalty","Nike","2017","02","04",210
"604",2017-02-04,"10:53:27+00:00","9.5",205,205,"USD","Air Jordan 4 Royalty","Nike","2017","02","04",205
"605",2017-02-04,"04:51:16+00:00","9.5",313,313,"USD","Air Jordan 4 Royalty","Nike","2017","02","04",313
"606",2017-02-04,"03:04:07+00:00","9.5",215,215,"USD","Air Jordan 4 Royalty","Nike","2017","02","04",215
"607",2017-02-04,"00:47:53+00:00","9.5",256,256,"USD","Air Jordan 4 Royalty","Nike","2017","02","04",256
"608",2017-02-03,"23:10:27+00:00","9.5",211,211,"USD","Air Jordan 4 Royalty","Nike","2017","02","03",211
"609",2017-02-03,"13:49:48+00:00","9.5",300,300,"USD","Air Jordan 4 Royalty","Nike","2017","02","03",300
"610",2017-02-03,"04:02:12+00:00","9.5",300,300,"USD","Air Jordan 4 Royalty","Nike","2017","02","03",300
"611",2017-02-03,"00:05:36+00:00","9.5",240,240,"USD","Air Jordan 4 Royalty","Nike","2017","02","03",240
"612",2017-02-01,"22:43:19+00:00","9.5",325,325,"USD","Air Jordan 4 Royalty","Nike","2017","02","01",325
"613",2017-02-01,"14:44:14+00:00","9.5",240,240,"USD","Air Jordan 4 Royalty","Nike","2017","02","01",240
"614",2017-02-01,"10:49:05+00:00","9.5",344,344,"USD","Air Jordan 4 Royalty","Nike","2017","02","01",344
"615",2017-02-01,"03:49:32+00:00","9.5",220,220,"USD","Air Jordan 4 Royalty","Nike","2017","02","01",220
"616",2017-01-31,"08:38:47+00:00","9.5",344,344,"USD","Air Jordan 4 Royalty","Nike","2017","01","31",344
"617",2017-01-30,"05:37:53+00:00","9.5",320,320,"USD","Air Jordan 4 Royalty","Nike","2017","01","30",320
"618",2017-01-29,"01:56:05+00:00","9.5",250,250,"USD","Air Jordan 4 Royalty","Nike","2017","01","29",250
"619",2017-01-29,"00:12:32+00:00","9.5",250,250,"USD","Air Jordan 4 Royalty","Nike","2017","01","29",250
"620",2017-01-27,"13:22:34+00:00","9.5",350,350,"USD","Air Jordan 4 Royalty","Nike","2017","01","27",350
"621",2017-01-22,"13:29:17+00:00","9.5",300,300,"USD","Air Jordan 4 Royalty","Nike","2017","01","22",300
